id,price
8151,2
5620,0
12,0
8027,1
2450,2
470,0
1937,1
8184,0
7778,0
493,1
2537,0
440,1
4163,2
605,0
5940,1
412,0
6871,1
78,1
1060,1
8068,1
8771,1
1645,2
4970,1
2813,2
6620,1
9065,1
7715,0
1708,2
7442,1
1091,1
365,1
1247,2
2550,0
6166,0
2894,1
4530,0
998,1
1703,1
5378,2
480,0
8642,0
4919,0
7181,2
3923,0
5871,1
2770,2
4593,0
6551,0
8701,2
77,1
5288,0
6456,1
6790,1
6626,0
1578,2
948,0
4856,1
6918,2
413,2
5096,1
5777,2
1820,1
4413,0
2703,2
7463,2
4307,2
2835,1
7252,0
6240,0
30,0
7882,2
577,0
2452,0
474,1
9150,2
1177,0
3695,2
783,2
6595,2
8512,0
4781,2
4763,1
4813,1
764,1
5972,2
9597,2
3808,2
9093,1
883,0
561,0
5997,1
5466,0
1641,1
1989,0
1583,1
1945,2
4015,1
9488,2
859,0
5897,1
5422,1
763,1
637,1
7936,2
7853,2
9642,2
4108,1
1927,0
6297,0
8574,2
5791,0
6765,2
5846,0
6535,1
8540,0
5986,0
6723,1
2359,2
3159,2
8502,2
1401,1
1660,0
8966,1
5336,0
8227,1
1214,0
3446,0
4351,2
746,0
3233,1
8664,1
4943,1
3251,1
9190,0
4879,0
2921,2
8226,1
6524,1
5211,0
7876,1
4981,0
6268,1
8543,2
6026,1
8180,2
8982,1
4755,1
8657,1
7027,1
9605,0
8450,2
3736,1
9168,1
3417,1
1751,2
921,2
7154,0
5048,1
4086,2
168,0
6098,0
8178,2
7279,1
5090,0
5551,0
2219,0
1041,0
7176,2
1315,0
8353,0
8493,2
5919,1
2729,1
2184,2
3517,1
5793,0
4825,2
1475,2
5353,0
7594,1
4780,1
2332,2
3976,0
4537,2
7920,0
222,1
1468,2
713,1
4286,2
3314,0
9156,0
2751,0
8234,1
4271,1
6557,0
9221,0
9254,1
9290,0
7527,0
2844,0
6734,1
2812,0
8765,0
8485,1
2956,1
3149,1
7229,2
5515,0
8978,2
294,1
5285,2
7750,0
7225,0
9129,0
2879,1
7906,0
8534,2
8731,2
1968,0
2358,0
4664,2
8210,1
8454,2
64,0
2253,1
9347,0
1290,1
4702,2
642,0
724,0
3970,0
247,1
5436,0
4013,0
3553,0
9483,0
2984,0
9060,2
4770,0
1116,1
8296,2
1464,2
4501,2
7524,1
5884,1
1876,2
5025,1
9271,0
3242,1
6163,1
5362,1
7228,1
2498,1
9481,0
954,2
643,0
2469,0
8122,1
2598,0
9467,0
8140,1
8882,0
3394,2
151,1
2553,1
2905,0
3845,0
1668,2
4886,1
6565,2
8223,0
2445,1
1267,1
2285,1
812,1
8193,2
6184,0
2643,1
3478,2
6049,2
2266,0
5281,1
9041,0
5534,0
3930,1
1332,1
670,2
2929,1
160,1
4014,1
3927,1
3162,2
7469,2
1524,2
9369,0
7022,1
5109,2
3996,1
7752,0
2647,0
8986,0
702,0
5117,2
8728,1
3932,1
9379,2
3130,0
4490,1
7734,1
2557,0
2232,2
869,2
3309,2
5283,1
104,1
7528,2
8567,2
304,0
4095,0
5409,2
3949,1
2762,2
7646,1
3797,1
6556,2
5156,1
7929,2
5184,1
6852,2
4741,1
7427,1
3495,1
5667,1
4472,2
5894,1
4504,2
9373,1
3607,1
1952,2
4430,0
6928,0
8141,2
4334,2
3492,0
2231,1
120,1
9247,1
2201,1
157,1
5900,1
2485,1
1343,1
8897,2
5206,1
8191,1
4068,1
2654,1
2613,2
5933,0
1357,0
5845,1
390,2
3838,2
7634,2
6104,1
6377,1
6123,2
3437,2
3903,1
7597,1
3901,1
4868,0
5116,2
1706,1
3816,2
6588,1
3153,1
5434,1
9048,2
3271,0
5150,2
7963,0
3931,1
5829,2
3946,0
4299,2
442,1
3070,2
4862,0
6547,1
4226,1
7331,1
4674,1
7143,0
589,0
7262,1
8838,1
6075,1
1258,1
986,0
3876,2
5413,2
1507,1
2015,0
8738,2
6942,2
2412,1
6013,0
6051,2
5041,0
6218,0
4756,0
5635,2
1072,0
580,1
1779,1
1868,2
3336,2
1619,0
6846,0
7757,1
6114,1
2713,2
4570,1
8581,0
6872,0
8399,2
9521,1
3192,0
6426,1
1910,2
1163,2
1960,0
4002,2
8410,1
9438,2
6181,1
3965,0
9101,1
5236,0
5528,2
2737,0
2173,1
970,2
3485,2
268,1
6862,0
4464,0
638,2
7756,1
2410,2
1239,0
8635,1
1285,0
9304,2
2448,2
8806,0
1368,1
5756,2
5342,0
2252,1
5642,0
1733,0
3053,2
4903,1
9555,0
6624,0
7334,0
7072,1
9319,0
6983,1
463,0
1003,0
5328,0
8588,0
8039,2
1075,1
8531,0
6651,0
3614,1
4624,1
1435,0
7431,1
1257,1
1931,2
8904,0
9045,2
6831,1
140,0
6625,1
1246,0
389,0
5213,1
8474,1
811,1
3263,1
4907,2
5476,2
3545,0
2922,1
6945,2
7061,1
8645,0
1125,0
8256,0
3380,1
256,2
6014,1
1112,1
1911,0
888,2
4583,1
8179,2
4317,0
5151,1
7842,1
608,0
8075,0
5161,1
7155,0
5222,1
7023,1
52,0
6508,0
4672,0
6312,2
3502,2
47,0
8975,0
6719,1
8212,2
2155,2
8723,1
2828,0
6805,1
8237,2
2967,2
8539,0
1655,2
5364,0
4740,2
8383,1
7495,0
919,0
4241,2
4375,2
1993,1
9493,1
5715,2
9142,0
152,2
4985,2
672,1
4387,1
3897,0
8015,0
3563,1
1244,2
2651,0
4694,0
1249,1
1294,2
8095,1
1341,1
3954,0
5152,1
5532,0
6759,2
1173,2
3619,2
829,1
7674,1
7341,1
3908,1
8235,1
7622,2
2629,0
7090,1
8030,2
6298,1
2948,0
5775,2
9410,1
6191,0
1985,0
1486,2
9244,2
774,0
6875,1
5169,0
6783,1
4723,2
5920,1
7210,0
994,2
1593,1
6032,2
9573,1
3002,2
5905,0
2707,1
3609,2
167,0
6934,0
7514,0
4816,1
3290,2
9653,1
9602,2
8156,1
7424,1
1157,1
5769,2
522,1
6237,0
3610,0
9623,1
50,0
8750,0
3642,0
7546,0
1566,2
5417,1
1838,1
8659,2
5432,0
8753,1
575,0
2874,0
7695,1
1869,2
9425,0
4565,2
5971,0
4065,1
7889,1
8906,2
8991,1
5321,1
6663,2
5291,2
767,1
2589,2
1577,0
2242,1
1915,2
9571,1
6080,0
7774,0
9035,1
6482,1
6592,1
3780,1
3639,1
9148,1
4010,1
532,1
8988,2
3562,1
3402,2
8220,0
2953,2
3589,1
4310,2
5368,0
7987,0
801,0
708,1
6280,1
8186,0
7746,1
8836,2
8814,2
1871,1
1777,1
4541,1
274,0
5683,0
3218,1
7139,0
6868,1
4355,0
5781,0
525,2
7298,1
3666,1
2347,1
7012,2
4956,2
4107,0
8434,1
7862,1
4398,1
1203,2
661,2
3773,1
7606,2
1716,2
9100,1
834,1
3621,0
7369,2
2680,0
2016,2
3857,0
2860,0
2529,1
8894,0
6891,1
7147,1
355,2
7363,2
8358,2
20,0
1600,2
48,1
6569,2
562,0
7465,1
5157,0
9300,1
9506,1
5621,0
5988,2
5877,1
5106,1
9405,2
4972,1
915,1
3594,1
163,1
1154,2
8690,0
1159,0
5568,0
1165,0
4321,2
6796,1
4716,2
6677,2
647,1
4340,2
7841,2
5579,0
3193,2
1572,1
6549,0
1048,2
338,0
6462,0
4754,0
5370,0
5653,1
8821,2
558,0
9637,0
4805,1
9401,0
7525,0
3820,2
8855,0
1719,0
5699,0
3656,1
6750,0
8955,2
4222,2
421,1
7877,2
367,1
8172,2
951,1
4516,2
7020,0
7522,1
5338,1
7740,0
8946,1
9064,0
1881,1
4161,1
72,1
2920,2
4662,1
1002,2
8329,2
1101,0
4242,0
8722,1
8259,2
473,1
2546,1
660,0
864,2
4452,0
6141,2
3044,2
4371,0
3707,2
4365,2
8644,2
4677,0
5501,0
2992,0
7631,2
4884,0
1810,0
292,0
5450,2
5798,0
1300,1
3968,2
7058,0
4450,1
9397,2
1485,1
2616,0
5938,0
6136,1
6139,0
4996,0
1268,0
3344,0
9267,2
3194,1
6532,1
5064,2
5270,0
5544,0
2128,0
1025,1
469,0
3354,1
920,0
814,2
6083,1
248,2
2959,1
8661,0
3404,2
1718,2
1478,1
9510,0
2131,2
4680,1
5073,1
7311,0
3129,1
5730,1
5097,2
7794,2
2474,1
4063,0
28,1
5565,0
5813,2
5218,0
7812,1
1483,1
964,2
1689,1
8476,1
7039,0
7791,0
8315,1
6384,1
3329,2
5129,1
4911,1
4004,2
8274,0
1360,0
1958,1
2958,1
4654,1
1015,2
2295,2
3542,0
1032,0
7636,2
4668,0
4376,2
3556,1
2790,1
1688,2
1007,1
7491,0
9548,1
6636,2
3552,1
5615,2
3506,0
2525,0
742,0
2387,0
585,0
3449,1
9298,2
1783,2
6580,0
7178,2
7113,0
1590,0
6611,0
9561,1
3166,2
2460,1
8571,1
1274,0
58,1
648,1
2778,2
4435,2
6596,1
1061,2
5448,0
4082,1
8113,0
2022,1
2617,0
2468,2
9501,0
9435,2
3356,1
8880,0
3700,2
1550,1
4291,0
4783,1
3352,0
4394,0
405,0
8126,0
7934,1
6866,1
7018,0
6434,0
112,0
9071,1
5205,1
2506,0
1352,0
1018,2
5148,1
316,0
7899,1
3734,2
2034,1
949,1
1506,1
928,1
3571,0
4935,2
5913,0
3535,2
3912,0
4538,2
6608,2
6541,1
9361,0
4885,0
3803,0
13,2
3010,1
892,0
6919,0
777,1
4993,1
3387,0
1772,1
2079,1
592,0
3406,2
1417,1
8455,1
8781,0
360,0
3007,2
5770,1
6810,2
2233,2
3880,2
6454,2
6733,2
1218,0
1049,2
7204,0
341,1
6675,2
2006,2
7971,2
7054,2
1897,0
1759,0
2930,1
8177,2
9367,1
7352,2
8721,1
2146,0
1755,0
9638,0
1252,1
8881,0
946,1
1818,1
2419,1
458,1
2593,2
6057,2
6745,1
1222,2
5168,1
5242,2
4719,1
3161,2
7078,2
4640,2
5834,2
2342,0
2724,0
6116,1
5127,1
6744,1
4561,1
138,2
3487,2
527,2
8188,0
6612,0
2406,0
91,2
6758,0
2174,2
2688,2
7049,0
9069,2
9084,0
5696,2
5872,1
4417,2
6281,1
9580,2
8924,2
9323,1
7240,1
175,2
9441,1
4302,0
133,0
332,1
4024,0
2199,0
5113,1
466,2
6906,0
9525,0
3622,1
707,0
3919,2
5202,1
2240,0
3840,1
4791,2
7505,0
9540,0
8381,0
2983,1
1020,0
9140,1
5518,2
8552,0
5945,2
7036,1
1726,0
1863,2
842,0
207,2
3620,1
7623,1
5589,2
7191,1
271,0
9345,2
1456,0
8479,2
4026,2
5162,2
19,0
1571,1
2368,1
320,1
7499,1
6993,0
2633,2
9236,0
4621,1
4820,2
3636,0
5199,0
5967,1
7387,1
1107,2
5907,1
9472,2
5361,2
5731,1
2107,0
203,0
5009,2
5452,2
5139,0
9011,1
6982,1
7954,1
2200,0
1903,0
4502,2
4575,0
5118,2
8600,0
2192,2
4689,0
6122,2
969,0
3144,0
4808,1
7809,0
7869,0
6059,1
6892,0
7405,2
288,2
9516,1
3462,1
4022,2
9243,2
9317,1
1421,0
7144,2
2998,1
8145,0
7625,2
8161,0
2540,1
8938,0
1277,2
1442,0
3104,2
2690,2
6916,0
6896,1
3288,0
5514,0
5375,1
4159,1
2308,1
8293,2
6382,0
2472,0
8925,0
519,1
7887,0
8892,1
4301,2
578,1
7173,2
7309,2
6498,0
720,2
4782,2
4440,2
6585,0
8718,2
2864,1
3986,1
3852,0
5580,2
6820,1
9335,0
1354,0
6171,0
8376,0
8521,0
6687,2
3257,2
7378,2
4839,0
1188,0
995,1
2354,1
2141,1
7273,1
8837,1
9169,0
5804,0
3819,0
8321,1
4437,0
5384,1
5760,0
5358,2
1006,0
3106,2
7890,0
6092,0
700,1
2325,2
273,1
1551,2
925,0
5654,2
9131,2
8199,2
835,1
7373,0
6398,2
1440,2
9359,2
6395,1
9338,0
2374,1
1451,0
2377,1
2587,2
8827,2
8307,2
7580,0
8506,2
1477,0
2407,2
3017,1
7345,1
2341,1
7621,2
7280,2
7164,2
6700,1
74,1
7423,1
4280,0
1431,2
8439,2
7230,1
5917,2
8054,2
7418,1
3670,2
3850,1
9081,1
2086,0
9099,1
567,0
5254,0
8732,1
4383,1
8602,0
629,0
7480,0
8496,2
3302,0
7285,2
6458,0
4370,0
3765,0
972,1
5944,0
2158,2
7166,2
4312,0
6694,2
8689,1
7560,2
3937,2
5402,0
7319,2
1248,1
7162,2
245,1
9646,0
6944,1
8407,2
7684,0
5176,2
2532,1
2113,2
80,1
7215,0
3858,2
7192,2
8620,2
1146,1
3683,1
944,2
7095,2
587,1
1140,1
5133,0
4194,0
4287,2
7332,2
2558,0
2509,2
4174,0
4461,1
4258,0
5412,0
5027,0
6560,1
343,1
4035,0
8465,0
8953,2
8480,2
5599,2
5606,0
494,0
4992,0
6175,0
7430,0
1591,2
7103,1
1402,2
7669,2
2278,1
4482,2
613,1
6321,1
6502,2
1597,2
1279,0
8048,1
174,0
7354,0
8074,1
8285,0
6659,0
7011,2
945,0
9127,2
9600,0
7118,1
8943,2
6511,2
6658,0
8251,2
1328,2
4590,1
7991,0
2458,2
8482,1
4586,2
734,1
4675,2
1990,0
4824,0
4265,1
6335,2
2051,1
7846,2
4289,2
8603,0
2592,0
109,0
8017,2
1843,1
8634,2
1012,0
5386,1
2340,1
2671,0
5555,0
7500,1
1001,2
2187,1
7561,2
9259,2
9342,2
419,2
3668,2
5296,1
896,1
6789,2
7647,0
2705,1
9281,0
7984,0
3776,0
4964,2
4980,1
1349,1
3667,2
3997,0
5815,1
2073,2
219,0
5559,1
8142,0
9097,2
3660,0
3178,0
1894,2
3536,0
2632,0
1710,2
9016,0
1242,2
768,0
784,2
7585,0
9239,0
4729,1
7243,0
8669,1
489,2
7291,0
2576,0
5464,1
2573,1
1773,1
3479,2
9125,2
6190,2
4106,0
3158,2
5581,2
7608,0
4337,1
8182,1
2841,2
8533,1
1646,0
979,2
5766,0
2164,1
4306,1
1014,2
391,2
5960,2
952,2
2561,0
6249,1
3297,1
7739,0
3004,1
4574,2
4090,1
8945,0
9400,2
